"record_id","week_ending","product_code","description","dollar_sales","unit_sales"
"R001","2026-09-13","000101"," Coast Chips Classic BAG 8 oz ","$240.00","100"
"R002","2026-09-13","000102","COAST CHIPS SALT BAG 4 OZ","$120.00","40"
"R003","2026-09-13","000103","Valley Corn Chips bag 10 oz","$1,200.00","300"
"R004","2026-09-13","000104","River Pretzels bag .75 oz","$30.00","20"
"R005","2026-09-13","000105","Coast Chips BBQ bag 8oz","unknown","50"
"R006","2026-09-13","000106","Valley Chips assorted bag","N/A","30"
"R007","2026-09-13","000107","River Mix 2 x 8 oz","$96.00","12"
"R008","2026-09-13","000108","Coast Chips Classic bag 8 oz","$0.00","0"
"R009","2026-09-13","000109","Valley Chips bag 0 oz","$40.00","10"
"R010","2026-09-13","000110","River Pretzels bag 5 oz","$80.00",""
"R011","2026-09-13","000111","Coast Chips Trial bag 2 oz","$0.00","10"
"R012","2026-09-13","000112","Valley Chips bag 12 ounce","$144.00","24"
"R013","2026-09-13","000113","River Pretzels bag 6 oz","$90.00","30"
"R014","2026-09-13","000114","Coast Chips Classic bag 8 oz","$320.00","100"
"R015","2026-09-13","000115","Valley Corn Chips bag 10 oz","$200.00","50"
"R016","2026-09-13","000116","River Pretzels bag 5 oz","$75.00","25"
"R017","2026-09-13","000117","Coast Chips Salt bag 4 oz","$60.00","20"
"R018","2026-09-13","000118","Valley Corn Chips bag 10 oz","$400.00","100"
"R019","2026-09-13","000119","River Pretzels bag .75 oz","$15.00","10"
"R020","2026-09-13","000120","Coast Chips Classic bag 8 oz","$160.00","50"
"R021","2026-09-13","000121","Valley Corn Chips bag 10 oz","$240.00","60"
"R022","2026-09-13","000122","River Pretzels bag 5 oz","$120.00","40"
"R023","2026-09-13","000123","Coast Chips Salt bag 4 oz","$90.00","30"
"R024","2026-09-13","000124","Valley Corn Chips bag 10 oz","$280.00","70"
